<?xml version="1.0" encoding="UTF-8"?>
<project-private xmlns="http://www.netbeans.org/ns/project-private/1">
    <editor-bookmarks xmlns="http://www.netbeans.org/ns/editor-bookmarks/2" lastBookmarkId="0"/>
    <open-files xmlns="http://www.netbeans.org/ns/projectui-open-files/2">
        <group>
            <file>file:/C:/Users/Sunny/Desktop/coe528/Project-2/Project%202/Project/src/coe528/project/sortActivity.java</file>
            <file>file:/C:/Users/Sunny/Desktop/coe528/Project-2/Project%202/Project/src/coe528/project/sortList.java</file>
            <file>file:/C:/Users/Sunny/Desktop/coe528/Project-2/Project%202/Project/src/coe528/project/sortLowToHigh.java</file>
            <file>file:/C:/Users/Sunny/Desktop/coe528/Project-2/Project%202/Project/src/coe528/project/mainClass.java</file>
            <file>file:/C:/Users/Sunny/Desktop/coe528/Project-2/Project%202/Project/src/coe528/project/Flight.java</file>
            <file>file:/C:/Users/Sunny/Desktop/coe528/Project-2/Project%202/Project/src/coe528/project/sorter.java</file>
            <file>file:/C:/Users/Sunny/Desktop/coe528/Project-2/Project%202/Project/src/coe528/project/UserInterface.java</file>
            <file>file:/C:/Users/Sunny/Desktop/coe528/Project-2/Project%202/Project/src/coe528/project/sortDuration.java</file>
            <file>file:/C:/Users/Sunny/Desktop/coe528/Project-2/Project%202/Project/src/coe528/project/sortPrice.java</file>
            <file>file:/C:/Users/Sunny/Desktop/coe528/Project-2/Project%202/Project/src/coe528/project/Country.java</file>
            <file>file:/C:/Users/Sunny/Desktop/coe528/Project-2/Project%202/Project/src/coe528/project/sortHighToLow.java</file>
            <file>file:/C:/Users/Sunny/Desktop/coe528/Project-2/Project%202/Project/src/coe528/project/sortRating.java</file>
        </group>
    </open-files>
</project-private>
